Grupo,Alojamiento
Florit Actual,ALFARO
Florit Actual,ALMIRANTE 01
Florit Actual,ALMIRANTE 02
Florit Actual,APOLO 180
Florit Actual,APOLO 197
Florit Actual,BENICALAP 01
Florit Actual,BENICALAP 02
Florit Actual,BENICALAP 03
Florit Actual,BENICALAP 04
Florit Actual,BENICALAP 05
Florit Actual,BENICALAP 06
Florit Actual,CADIZ
Florit Actual,CARCAIXENT 01
Florit Actual,CARCAIXENT 02
Florit Actual,DENIA 61
Florit Actual,DOLORES ALCAYDE 01
Florit Actual,DOLORES ALCAYDE 02
Florit Actual,DOLORES ALCAYDE 03
Florit Actual,DOLORES ALCAYDE 04
Florit Actual,DOLORES ALCAYDE 05
Florit Actual,DOLORES ALCAYDE 06
Florit Actual,DR.LLUCH
Florit Actual,GOZALBO
Florit Actual,HOMERO 01
Florit Actual,HOMERO 02
Florit Actual,LA ELIANA
Florit Actual,LLADRO Y MALLI 00
Florit Actual,LLADRO Y MALLI 01
Florit Actual,LLADRO Y MALLI 02
Florit Actual,LLADRO Y MALLI 03
Florit Actual,LLADRO Y MALLI 04
Florit Actual,LUIS MERELO 01
Florit Actual,LUIS MERELO 02
Florit Actual,LUIS MERELO 03
Florit Actual,LUIS MERELO 04
Florit Actual,LUIS MERELO 05
Florit Actual,LUIS MERELO 06
Florit Actual,LUIS MERELO 07
Florit Actual,LUIS MERELO 08
Florit Actual,LUIS MERELO 09
Florit Actual,MALILLA 05
Florit Actual,MALILLA 06
Florit Actual,MALILLA 07
Florit Actual,MALILLA 08
Florit Actual,MALILLA 14
Florit Actual,MALILLA 15
Florit Actual,MORAIRA
Florit Actual,OLIVERETA 1
Florit Actual,OLIVERETA 2
Florit Actual,OLIVERETA 3
Florit Actual,OLIVERETA 4
Florit Actual,OVE 01
Florit Actual,OVE 02
Florit Actual,PADRE PORTA 01
Florit Actual,PADRE PORTA 02
Florit Actual,PADRE PORTA 03
Florit Actual,PADRE PORTA 04
Florit Actual,PADRE PORTA 05
Florit Actual,PADRE PORTA 06
Florit Actual,PADRE PORTA 07
Florit Actual,PADRE PORTA 08
Florit Actual,PADRE PORTA 09
Florit Actual,PADRE PORTA 10
Florit Actual,PASAJE AYF 01
Florit Actual,PASAJE AYF 02
Florit Actual,PASAJE AYF 03
Florit Actual,PINTOR
Florit Actual,QUART I
Florit Actual,QUART II
Florit Actual,RETOR A
Florit Actual,RETOR B
Florit Actual,SAN LUIS
Florit Actual,SERRANOS
Florit Actual,SERRERIA 01
Florit Actual,SERRERIA 02
Florit Actual,SERRERIA 03
Florit Actual,SERRERIA 04
Florit Actual,SERRERIA 05
Florit Actual,SERRERIA 06
Florit Actual,SERRERIA 07
Florit Actual,SERRERIA 08
Florit Actual,SERRERIA 09
Florit Actual,SERRERIA 10
Florit Actual,SERRERIA 11
Florit Actual,SERRERIA 12
Florit Actual,SERRERIA 13
Florit Actual,SEVILLA
Florit Actual,TRAFALGAR 01
Florit Actual,TRAFALGAR 02
Florit Actual,TRAFALGAR 03
Florit Actual,TRAFALGAR 04
Florit Actual,TRAFALGAR 05
Florit Actual,TRAFALGAR 06
Florit Actual,TRAFALGAR 07
Florit Actual,TUNDIDORES
Florit Actual,VALLE
Florit Actual,VISITACION
Florit Actual,ZAPATEROS 10-2
Florit Actual,ZAPATEROS 10-6
Florit Actual,ZAPATEROS 10-8
Florit Actual,ZAPATEROS 12-5
Florit 2024-2025,ALFARO
Florit 2024-2025,APOLO 180
Florit 2024-2025,APOLO 197
Florit 2024-2025,BENICALAP 01
Florit 2024-2025,BENICALAP 02
Florit 2024-2025,BENICALAP 03
Florit 2024-2025,BENICALAP 04
Florit 2024-2025,BENICALAP 05
Florit 2024-2025,BENICALAP 06
Florit 2024-2025,CADIZ
Florit 2024-2025,CARCAIXENT 01
Florit 2024-2025,CARCAIXENT 02
Florit 2024-2025,DENIA 61
Florit 2024-2025,DOLORES ALCAYDE 01
Florit 2024-2025,DOLORES ALCAYDE 02
Florit 2024-2025,DOLORES ALCAYDE 03
Florit 2024-2025,DOLORES ALCAYDE 04
Florit 2024-2025,DOLORES ALCAYDE 05
Florit 2024-2025,DOLORES ALCAYDE 06
Florit 2024-2025,DR.LLUCH
Florit 2024-2025,GOZALBO
Florit 2024-2025,HOMERO 01
Florit 2024-2025,LA ELIANA
Florit 2024-2025,LLADRO Y MALLI 00
Florit 2024-2025,LLADRO Y MALLI 01
Florit 2024-2025,LLADRO Y MALLI 02
Florit 2024-2025,LLADRO Y MALLI 03
Florit 2024-2025,LLADRO Y MALLI 04
Florit 2024-2025,LUIS MERELO 01
Florit 2024-2025,LUIS MERELO 02
Florit 2024-2025,LUIS MERELO 03
Florit 2024-2025,LUIS MERELO 04
Florit 2024-2025,LUIS MERELO 05
Florit 2024-2025,LUIS MERELO 06
Florit 2024-2025,LUIS MERELO 07
Florit 2024-2025,LUIS MERELO 08
Florit 2024-2025,LUIS MERELO 09
Florit 2024-2025,OLIVERETA 1
Florit 2024-2025,OLIVERETA 2
Florit 2024-2025,OLIVERETA 3
Florit 2024-2025,OLIVERETA 4
Florit 2024-2025,OVE 01
Florit 2024-2025,OVE 02
Florit 2024-2025,PADRE PORTA 01
Florit 2024-2025,PADRE PORTA 02
Florit 2024-2025,PADRE PORTA 03
Florit 2024-2025,PADRE PORTA 04
Florit 2024-2025,PADRE PORTA 05
Florit 2024-2025,PADRE PORTA 06
Florit 2024-2025,PADRE PORTA 07
Florit 2024-2025,PADRE PORTA 08
Florit 2024-2025,PADRE PORTA 09
Florit 2024-2025,PADRE PORTA 10
Florit 2024-2025,PINTOR
Florit 2024-2025,QUART I
Florit 2024-2025,QUART II
Florit 2024-2025,SAN LUIS
Florit 2024-2025,SERRANOS
Florit 2024-2025,SERRERIA 01
Florit 2024-2025,SERRERIA 02
Florit 2024-2025,SERRERIA 03
Florit 2024-2025,SERRERIA 04
Florit 2024-2025,SERRERIA 05
Florit 2024-2025,SERRERIA 06
Florit 2024-2025,SERRERIA 07
Florit 2024-2025,SERRERIA 08
Florit 2024-2025,SERRERIA 09
Florit 2024-2025,SERRERIA 10
Florit 2024-2025,SERRERIA 11
Florit 2024-2025,SERRERIA 12
Florit 2024-2025,SERRERIA 13
Florit 2024-2025,SEVILLA
Florit 2024-2025,TRAFALGAR 01
Florit 2024-2025,TRAFALGAR 02
Florit 2024-2025,TRAFALGAR 03
Florit 2024-2025,TRAFALGAR 04
Florit 2024-2025,TRAFALGAR 05
Florit 2024-2025,TRAFALGAR 06
Florit 2024-2025,TRAFALGAR 07
Florit 2024-2025,TUNDIDORES
Florit 2024-2025,VALLE
Florit 2024-2025,VISITACION
Florit 2024-2025,ZAPATEROS 10-2
Florit 2024-2025,ZAPATEROS 10-6
Florit 2024-2025,ZAPATEROS 10-8
Florit 2024-2025,ZAPATEROS 12-5
Caso 1,ALMIRANTE 01
Caso 1,ALMIRANTE 02
Caso 1,APOLO 180
Caso 1,CADIZ
Caso 1,DENIA 61
Caso 1,DOLORES ALCAYDE 04
Caso 1,DR.LLUCH
Caso 1,ERUDITO
Caso 1,GOZALBO
Caso 1,LA ELIANA
Caso 1,MORAIRA
Caso 1,NAPOLES Y SICILIA
Caso 1,OLIVERETA 5
Caso 1,OVE 01
Caso 1,OVE 02
Caso 1,QUART I
Caso 1,QUART II
Caso 1,SAN LUIS
Caso 1,SERRANOS
Caso 1,SEVILLA
Caso 1,TUNDIDORES
Caso 1,VALLE
Caso 2,APOLO 029
Caso 2,APOLO 197
Caso 2,LLADRO Y MALLI 00
Caso 2,LLADRO Y MALLI 01
Caso 2,LLADRO Y MALLI 02
Caso 2,LLADRO Y MALLI 03
Caso 2,LLADRO Y MALLI 04
Caso 2,PADRE PORTA 06
Caso 2,PADRE PORTA 07
Caso 2,PADRE PORTA 08
Caso 2,PADRE PORTA 09
Caso 2,PADRE PORTA 10
Caso 2,VISITACION
Caso 3,ALFARO
Caso 3,ZAPATEROS 10-2
Caso 3,ZAPATEROS 10-6
Caso 3,ZAPATEROS 10-8
Caso 3,ZAPATEROS 12-5
Caso 4,BENICALAP 01
Caso 4,BENICALAP 02
Caso 4,BENICALAP 03
Caso 4,BENICALAP 04
Caso 4,BENICALAP 05
Caso 4,BENICALAP 06
Caso 4,MALILLA 05
Caso 4,MALILLA 06
Caso 4,MALILLA 07
Caso 4,MALILLA 08
Caso 4,MALILLA 14
Caso 4,MALILLA 15
Caso 4,PASAJE ANGELES Y FEDERICO 01
Caso 4,PASAJE ANGELES Y FEDERICO 02
Caso 4,PASAJE ANGELES Y FEDERICO 03
Caso 4,RETOR A
Caso 4,RETOR B
Caso 4,SERRERIA 04
Caso 4,SERRERIA 05
Caso 5,HOMERO 01
Caso 5,HOMERO 02
Florit 2023, GOZALBO
